users,items,partition
0,1006,0
0,1039,0
0,977,0
0,1120,0
0,185,0
0,132,0
0,1405,0
0,1104,0
0,582,0
0,915,0
0,151,0
0,1243,0
0,78,0
0,953,0
0,1576,0
0,1454,0
0,396,0
0,215,0
0,703,0
0,1577,0
0,305,0
0,1327,0
0,1723,0
0,357,0
0,990,0
0,1574,0
0,1564,0
0,1192,0
0,1627,0
0,1711,0
0,1597,0
0,201,0
0,706,0
0,190,0
1,31,0
1,349,0
1,101,0
1,1493,0
1,1666,0
1,1681,0
1,228,0
1,1694,0
1,920,0
1,614,0
1,1619,0
1,496,0
1,955,0
1,837,0
2,1232,0
2,1581,0
2,966,0
2,210,0
2,1098,0
2,1606,0
2,1552,0
2,1489,0
2,684,0
2,900,0
2,1471,0
2,276,0
2,1286,0
2,1458,0
2,151,0
2,835,0
2,1326,0
2,1412,0
2,396,0
2,703,0
2,1686,0
2,653,0
2,18,0
2,1078,0
2,1666,0
2,310,0
3,1563,0
3,1496,0
3,884,0
3,562,0
3,1363,0
4,184,0
4,935,0
4,977,0
4,936,0
4,210,0
4,890,0
4,1297,0
4,403,0
4,415,0
4,1532,0
4,1572,0
4,1213,0
4,118,0
4,428,0
4,1376,0
4,324,0
4,1287,0
4,1155,0
4,25,0
4,973,0
4,1556,0
4,1397,0
4,1482,0
4,116,0
4,169,0
4,1465,0
4,1719,0
4,426,0
4,289,0
4,442,0
4,359,0
4,761,0
4,731,0
4,1530,0
4,345,0
5,1255,0
5,1287,0
5,476,0
5,405,0
5,1722,0
5,724,0
5,1672,0
6,1561,0
6,1159,0
6,1488,0
6,1073,0
6,1684,0
6,1249,0
6,532,0
6,497,0
6,139,0
6,1550,0
6,295,0
6,719,0
7,1098,0
7,1277,0
7,1057,0
7,1280,0
7,1,0
7,917,0
8,597,0
8,1104,0
8,1138,0
8,504,0
8,122,0
8,915,0
8,948,0
8,1256,0
8,841,0
8,269,0
8,1454,0
8,964,0
8,499,0
8,1469,0
8,638,0
8,1483,0
8,375,0
8,20,0
8,643,0
8,248,0
8,1260,0
9,413,0
9,1064,0
9,679,0
9,1429,0
9,919,0
9,984,0
9,979,0
10,1232,0
10,909,0
10,503,0
10,1620,0
10,1048,0
10,918,0
10,1556,0
10,607,0
10,426,0
10,907,0
10,1097,0
10,1475,0
11,301,0
11,1404,0
11,293,0
11,347,0
11,376,0
11,1617,0
12,1012,0
12,924,0
12,1255,0
12,1499,0
12,949,0
13,977,0
13,559,0
13,422,0
13,880,0
13,855,0
13,1696,0
13,1539,0
13,824,0
13,77,0
13,1528,0
14,878,0
14,1247,0
14,886,0
14,865,0
14,1682,0
14,1094,0
15,1169,0
15,1200,0
15,896,0
15,1300,0
15,1604,0
15,813,0
15,1051,0
16,518,0
16,817,0
16,1236,0
16,1421,0
16,1566,0
16,1281,0
16,1647,0
16,469,0
16,797,0
16,637,0
16,728,0
16,1283,0
17,367,0
17,1552,0
17,915,0
17,945,0
17,271,0
17,355,0
17,187,0
17,124,0
18,1563,0
18,644,0
18,516,0
18,920,0
18,496,0
18,424,1
18,884,1
18,660,1
18,1694,1
18,286,1
18,1695,1
18,748,1
18,114,1
18,735,1
19,17,0
19,1688,0
19,185,0
19,1573,0
19,1591,0
19,924,0
19,151,0
19,9,0
19,396,0
19,125,0
19,12,0
19,524,0
19,627,0
19,1618,0
19,1184,0
20,1636,0
20,1576,0
20,300,0
20,336,0
20,902,0
20,1319,0
21,367,0
21,205,0
21,1200,0
21,1471,0
21,1476,0
21,1302,0
21,1604,0
21,1382,0
21,4,0
21,1627,0
21,1698,0
21,1090,0
21,71,0
21,1569,0
21,1668,0
21,1081,0
22,1559,0
22,181,0
22,760,0
22,1484,0
22,840,0
22,1662,0
22,740,0
22,479,0
22,15,0
22,651,0
22,1459,0
23,1512,0
23,311,0
23,31,0
23,1338,0
23,191,0
23,546,0
23,915,0
23,820,0
23,316,0
23,46,0
23,817,0
23,996,0
23,599,0
23,201,0
23,1673,0
24,597,0
24,533,0
24,1456,0
24,666,0
24,306,0
24,1454,0
24,396,0
24,215,0
24,327,0
24,976,0
24,233,0
24,889,0
24,1618,0
24,940,0
24,1712,0
24,354,0
24,453,0
24,393,0
24,557,0
25,1006,0
25,1628,0
25,31,0
25,1697,0
25,1012,0
25,1098,0
25,1201,0
25,418,0
25,57,0
25,975,0
25,546,0
25,517,0
25,529,0
25,1359,0
25,1023,0
25,821,0
25,566,0
25,10,0
25,1047,0
25,996,0
25,1173,0
25,1135,0
25,438,0
25,1384,0
25,166,0
25,1365,0
25,417,0
26,311,0
26,1209,0
26,850,0
26,224,0
26,663,0
26,985,0
26,195,0
26,1532,0
26,585,0
26,670,0
26,835,0
26,622,0
26,529,0
26,567,0
26,1563,0
26,1253,0
26,1462,0
26,1179,0
26,244,0
26,1288,0
26,1135,0
26,327,0
26,1188,0
26,1722,0
26,1714,0
26,609,0
26,408,0
26,1095,0
26,1029,0
26,1019,0
26,1386,0
26,1225,0
26,1623,0
26,1671,0
26,321,0
26,1032,0
26,230,0
26,1118,0
26,955,0
26,1634,0
26,178,0
26,699,0
26,600,0
26,735,0
26,1194,0
26,887,0
26,618,0
26,1100,0
27,781,0
27,1405,0
27,1104,0
27,57,0
27,1349,0
27,107,0
27,398,0
27,832,0
27,1211,0
27,825,0
27,518,0
27,817,0
27,212,0
27,711,0
27,696,0
27,1219,0
27,1452,0
28,422,0
28,151,0
28,1584,0
28,148,0
28,502,0
28,1454,0
28,396,0
28,38,0
28,1367,0
28,976,0
28,1071,0
28,223,0
28,1265,0
28,1234,0
28,871,0
28,989,0
28,724,0
28,1210,0
28,1500,0
28,902,0
28,238,0
28,557,0
28,1049,0
28,1250,0
28,126,0
28,259,0
28,877,0
28,1381,0
28,472,0
28,492,0
28,59,0
28,1565,0
28,1109,0
28,249,0
28,1706,0
28,1166,0
28,1455,0
28,662,0
28,1145,0
28,1311,0
28,1385,0
28,1391,0
28,1373,0
28,245,0
28,695,0
28,457,0
28,1283,0
28,939,0
28,164,0
28,1387,0
28,1416,0
28,31,1
28,1169,1
28,1456,1
28,413,1
28,712,1
28,1639,1
28,482,1
28,349,1
28,802,1
28,273,1
28,89,1
28,1113,1
28,1016,1
28,840,1
28,1680,1
28,1662,1
28,784,1
28,229,1
28,823,1
28,80,1
28,1318,1
28,48,1
28,740,1
28,188,1
28,1418,1
28,1184,1
28,1694,1
28,364,1
28,960,1
28,1414,1
28,1460,1
28,500,1
28,286,1
28,1141,1
28,71,1
28,862,1
28,722,1
28,1446,1
28,239,1
28,1363,1
28,1495,1
28,16,1
28,49,1
28,1151,1
28,704,1
28,1453,1
28,969,1
28,756,1
28,942,1
28,575,1
28,848,1
28,1093,1
28,1183,1
28,345,1
28,365,1
28,1097,1
28,95,1
28,362,1
28,708,1
28,1699,1
28,1193,1
28,1336,1
28,854,1
28,1086,1
28,434,1
28,709,1
28,323,1
28,45,1
28,1325,1
28,1251,1
28,1622,1
28,176,1
28,714,1
28,715,1
28,92,1
28,1347,1
28,1475,1
28,1053,1
28,441,1
28,1570,1
28,1339,1
28,27,1
28,633,1
28,1221,1
28,749,1
28,1568,1
28,497,1
28,1650,1
28,779,1
28,721,1
28,759,1
28,847,1
28,1062,1
28,1356,1
28,568,1
28,1187,1
28,1667,1
28,1351,1
28,548,1
28,560,1
28,716,1
28,487,1
28,573,1
28,130,1
28,139,1
28,1470,1
29,832,0
29,1564,0
29,1421,0
29,8,0
29,0,0
29,190,0
30,1654,0
30,200,0
30,218,0
30,1017,0
30,448,0
30,544,0
30,4,0
30,1504,0
30,1,0
30,1386,0
30,1618,0
30,706,0
30,1517,0
30,285,0
30,1444,0
31,1438,0
31,977,0
31,210,0
31,1606,0
31,1471,0
31,1146,0
31,526,0
31,53,0
31,1148,0
31,995,0
31,1159,0
31,1412,0
31,825,0
31,65,0
31,116,0
31,818,0
31,425,0
31,1618,0
31,1658,0
31,462,0
31,905,0
31,1231,0
31,469,0
32,1006,0
32,1697,0
32,1727,0
32,882,0
32,1040,0
32,1586,0
32,1541,0
32,1298,0
32,768,0
32,1544,0
32,1141,0
32,967,0
32,594,0
32,315,0
32,735,0
32,1633,0
33,1132,0
33,1679,0
33,1336,0
33,1166,0
33,1553,0
33,217,0
34,94,0
34,2,0
34,1425,0
34,101,0
34,1239,0
34,528,0
34,1042,0
34,430,0
34,734,0
34,950,0
35,1519,0
35,1651,0
35,517,0
35,590,0
35,874,0
35,953,0
35,357,0
35,1497,0
35,610,0
35,421,0
35,21,0
35,1446,0
35,1495,0
35,1379,0
35,326,0
35,1569,0
35,775,0
35,1094,0
35,1251,0
36,900,0
36,12,0
36,196,0
36,1034,0
36,119,0
36,1535,0
36,1477,0
36,847,0
36,1245,0
37,311,0
37,872,0
37,101,0
37,1368,0
37,1690,0
37,1045,0
37,1386,0
37,511,0
37,1618,0
38,819,0
38,418,0
38,805,0
38,1724,0
38,151,0
38,1666,0
38,1421,0
39,348,0
39,687,0
39,308,0
39,267,0
39,798,0
39,1669,0
39,1408,0
39,643,0
39,295,0
39,34,0
40,344,0
40,1519,0
40,1376,0
40,1678,0
40,1174,0
40,1498,0
40,1497,0
40,1529,0
41,105,0
41,63,0
41,371,0
41,994,0
41,1159,0
41,1253,0
41,199,0
41,1611,0
41,1050,0
41,230,0
41,254,0
41,309,0
41,692,0
41,575,0
41,848,0
41,268,0
41,1100,0
42,1512,0
42,433,0
42,244,0
42,1522,0
42,897,0
42,674,0
42,77,0
42,1504,0
42,1320,0
42,1468,0
42,632,0
43,913,0
43,154,0
43,375,0
43,906,0
43,1645,0
43,1693,0
43,869,0
43,1345,0
44,1126,0
44,1122,0
44,118,0
44,1649,0
44,491,0
44,11,0
44,552,0
44,907,0
44,791,0
44,1228,0
44,1114,0
44,282,0
45,1367,0
45,771,0
45,1609,0
45,23,0
45,291,0
45,923,0
45,1698,0
45,1681,0
45,930,0
45,1044,0
45,565,0
45,1344,0
46,827,0
46,831,0
46,759,0
46,830,0
46,577,0
46,1575,0
47,1209,0
47,1534,0
47,588,0
47,816,0
47,506,0
47,426,0
47,1402,0
48,63,0
48,701,0
48,788,0
48,817,0
48,1143,0
48,120,0
49,1610,0
49,1213,0
49,463,0
49,1017,0
49,1384,0
49,940,0
49,1560,0
49,1602,0
50,1169,0
50,1592,0
50,100,0
50,1353,0
50,1606,0
50,205,0
50,403,0
50,987,0
50,422,0
50,142,0
50,526,0
50,149,0
50,7,0
50,835,0
50,277,0
50,529,0
50,1213,0
50,1276,0
50,802,0
50,301,0
50,1488,0
50,968,0
50,1433,0
50,680,0
50,1222,0
50,842,0
50,38,0
50,993,0
50,293,0
50,1071,0
50,1271,0
50,1131,0
50,1298,0
50,949,0
50,359,0
50,136,0
50,310,0
50,1618,0
50,361,0
50,785,0
50,591,0
51,1132,0
51,1454,0
51,396,0
51,826,0
51,1530,0
52,74,0
52,1394,0
52,1562,0
52,198,0
52,687,0
52,308,0
52,986,0
52,267,0
52,309,0
52,798,0
52,1207,0
52,1422,0
52,434,0
52,1598,0
53,1209,0
53,151,0
53,1375,0
53,1627,0
53,659,0
54,1134,0
54,891,0
54,698,0
54,864,0
54,516,0
54,1095,0
54,383,0
54,1074,0
54,198,0
54,986,0
55,369,0
55,603,0
55,648,0
55,1157,0
55,482,0
55,445,0
55,1091,0
55,755,0
55,399,0
55,60,0
55,947,0
55,1255,0
55,1644,0
55,107,0
55,519,0
55,1001,0
55,490,0
55,1601,0
55,1696,0
55,1557,0
55,644,0
55,1253,0
55,1046,0
55,133,0
55,1708,0
55,1526,0
55,1167,0
55,1556,0
55,370,0
55,795,0
55,18,0
55,1112,0
55,337,0
55,1117,0
55,665,0
55,738,0
56,663,0
56,78,0
56,19,0
56,1252,0
56,886,0
57,236,0
57,1534,0
57,924,0
57,805,0
57,820,0
57,686,0
57,1526,0
57,903,0
57,1441,0
57,1719,0
57,1607,0
57,649,0
57,1203,0
57,1624,0
57,652,0
57,1658,0
57,1585,0
57,878,0
57,1032,0
57,1008,0
57,44,0
57,1446,0
57,1675,0
57,372,0
57,272,0
57,435,0
57,883,0
57,1517,0
57,366,0
57,937,0
57,1390,0
57,944,0
57,27,0
57,1060,0
57,633,0
57,110,0
57,189,0
57,721,0
57,216,0
57,1062,0
57,329,0
57,444,0
57,1455,0
57,1667,0
57,548,0
57,545,0
57,783,0
57,245,0
57,643,0
58,94,0
58,403,0
58,1571,0
58,97,0
58,1096,0
58,1680,0
58,12,0
58,1168,0
58,1034,0
58,1691,1
58,224,1
58,273,1
58,1376,1
58,1525,1
58,125,1
58,1403,1
58,1160,1
58,359,1
58,19,1
59,1110,0
59,977,0
59,1520,0
59,1561,0
59,1297,0
59,61,0
59,234,0
59,1471,0
59,725,0
59,1326,0
59,1412,0
59,1692,0
59,65,0
59,1322,0
59,473,0
59,826,0
59,1646,0
59,656,0
59,489,0
59,510,0
60,894,0
60,555,0
60,1450,0
60,1720,0
60,181,0
60,296,0
60,1563,0
60,580,0
60,1064,0
60,840,0
60,1304,0
60,1068,0
60,52,0
60,1367,0
60,845,0
60,1078,0
60,166,0
60,562,0
60,291,0
60,1529,0
60,0,0
60,1451,0
60,1566,0
60,1261,0
60,951,0
60,861,0
60,162,0
60,1647,0
60,557,0
60,1396,0
60,1707,0
60,469,0
60,1207,0
60,1517,0
60,1228,0
61,1613,0
61,1514,0
61,1132,0
61,688,0
61,771,0
61,823,0
61,1078,0
61,1327,0
61,450,0
61,1529,0
62,1438,0
62,1134,0
62,424,0
62,818,0
62,1196,0
62,1447,0
62,1379,0
63,900,0
63,1146,0
63,343,0
63,151,0
63,1243,0
63,1625,0
63,516,0
63,1117,0
63,407,0
63,201,0
63,1673,0
63,1210,0
63,1459,0
64,1638,0
64,1421,0
64,429,0
64,1566,0
64,856,0
64,1647,0
65,1113,0
65,126,0
65,368,0
65,29,0
65,1212,0
65,155,0
66,1215,0
66,1532,0
66,698,0
66,924,0
66,1255,0
66,872,0
66,1563,0
66,223,0
66,1698,0
66,930,0
66,565,0
66,1468,0
66,160,0
67,1232,0
67,72,0
67,1122,0
67,1020,0
67,943,0
67,173,0
67,1384,0
67,1521,0
67,496,0
67,803,0
67,1294,0
68,1534,0
68,63,0
68,480,0
68,924,0
68,1541,0
68,1198,0
68,508,0
68,588,0
68,961,0
68,426,0
68,1144,0
69,1627,0
69,228,0
69,1679,0
69,1055,0
69,189,0
69,1121,0
69,1351,0
69,1718,0
69,1311,0
69,1669,0
69,643,0
70,760,0
70,580,0
70,1542,0
70,378,0
70,70,0
71,1056,0
71,1652,0
71,131,0
71,1428,0
71,635,0
71,566,0
71,39,0
71,11,0
72,617,0
72,52,0
72,417,0
72,1679,0
72,592,0
72,26,0
72,1385,0
72,977,1
72,208,1
72,1720,1
72,181,1
72,1613,1
72,1708,1
72,1068,1
72,1005,1
72,41,1
72,845,1
72,1435,1
72,974,1
72,124,1
72,812,1
72,358,1
72,48,1
72,906,1
72,23,1
72,1709,1
72,201,1
72,462,1
72,1549,1
72,807,2
72,1520,2
72,367,2
72,1405,2
72,1104,2
72,1537,2
72,712,2
72,276,2
72,835,2
72,1625,2
72,275,2
72,840,2
72,116,2
72,688,2
72,1662,2
72,350,2
72,1609,2
72,1236,2
72,681,2
72,1154,2
72,621,2
72,1195,2
72,565,2
72,1263,2
72,1284,2
72,672,2
72,1240,2
72,1699,2
72,318,2
72,925,2
73,998,0
73,1129,0
73,374,0
73,1602,0
73,83,0
74,1394,0
74,502,0
74,1539,0
74,974,0
74,220,0
74,522,0
74,1325,0
74,1622,0
74,139,0
75,1037,0
75,160,0
75,593,0
75,592,0
75,732,0
75,32,0
76,1287,0
76,1148,0
76,1165,0
76,1059,0
76,319,0
77,276,0
77,1152,0
77,254,0
77,1407,0
77,1258,0
77,1554,0
78,1214,0
78,142,0
78,1172,0
78,454,0
78,488,0
78,589,0
78,1237,0
78,1637,0
78,993,0
78,125,0
78,1189,0
78,1384,0
78,1465,0
78,448,0
78,1327,0
78,491,0
78,1497,0
78,407,0
78,1618,0
78,1437,0
78,576,0
79,1215,0
79,1471,0
79,1302,0
79,81,0
79,394,0
79,1529,0
79,456,0
79,706,0
79,1079,0
79,211,0
79,1348,0
80,1728,0
80,1563,0
80,1253,0
80,516,0
80,1421,0
80,228,0
80,1647,0
81,1004,0
81,757,0
81,835,0
81,941,0
81,554,0
81,426,0
81,661,0
81,836,0
82,879,0
82,1049,0
82,449,0
82,1266,0
82,710,0
83,1085,0
83,93,0
83,1070,0
83,520,0
83,1484,0
83,218,0
83,884,0
84,595,0
84,134,0
84,1450,0
84,115,0
84,787,0
84,231,0
84,1301,0
84,330,0
84,833,0
84,1660,0
84,841,0
84,1526,0
84,1158,0
84,251,0
84,65,0
84,1341,0
84,1135,0
84,784,0
84,1270,0
84,762,0
84,314,0
84,630,0
84,287,0
84,1079,0
84,1315,0
84,1694,0
84,274,0
84,1585,0
84,458,0
84,550,0
84,22,0
84,219,0
84,1634,0
84,478,0
84,1453,0
85,1632,0
85,296,0
85,582,0
85,445,0
85,558,0
85,1693,0
85,478,0
85,631,0
85,718,0
85,551,0
85,1706,0
85,1166,0
85,573,0
85,439,0
85,3,0
85,24,0
85,577,0
85,647,0
85,1705,0
86,1406,0
86,706,0
86,979,0
86,1238,0
86,899,0
87,415,0
87,1702,0
87,1065,0
87,1302,0
87,227,0
87,259,0
87,246,0
87,759,0
88,1725,0
88,1213,0
88,1048,0
88,1301,0
88,301,0
88,133,0
88,1478,0
88,1384,0
88,613,0
88,1618,0
88,1025,0
88,901,0
88,785,0
88,1673,0
88,702,0
88,1503,0
88,352,0
89,460,0
89,1069,0
89,412,0
89,893,0
89,269,0
89,65,0
89,363,0
89,436,0
89,768,0
89,1409,0
89,1544,0
90,134,0
90,915,0
90,821,0
90,1531,0
90,8,0
91,574,0
91,1461,0
91,626,0
91,797,0
91,139,0
91,410,0
92,1544,0
92,434,0
92,340,0
92,573,0
92,843,0
92,5,0
92,1687,0
92,729,0
92,981,0
92,1343,0
93,1659,0
93,706,0
93,230,0
93,866,0
93,1366,0
93,329,0
94,1333,0
94,1657,0
94,670,0
94,1243,0
94,1277,0
94,535,0
94,1433,0
94,1372,0
94,350,0
94,235,0
94,1144,0
94,1666,0
94,450,0
94,1364,0
94,706,0
94,1090,0
94,500,0
94,1354,0
94,899,0
95,181,0
95,1518,0
95,823,0
95,1544,0
95,228,0
95,1679,0
95,458,0
95,431,0
95,292,0
95,1682,0
96,1232,0
96,301,0
96,1493,0
96,1253,0
96,1149,0
96,251,0
96,1022,0
96,1483,0
96,1208,0
96,1137,0
96,599,0
96,198,0
96,682,1
96,994,1
96,102,1
96,1708,1
96,1440,1
96,1096,1
96,226,1
96,1726,1
96,220,1
96,1698,1
96,1681,1
96,1320,1
96,1502,1
96,1331,1
97,668,0
97,1657,0
97,832,0
97,823,0
97,744,0
97,765,0
97,1162,0
97,313,0
97,587,0
97,1578,0
98,386,0
98,925,0
98,1615,0
98,466,0
98,810,0
98,24,0
99,1628,0
99,276,0
99,995,0
99,229,0
99,1446,0
99,514,0
99,366,0
99,1193,0
100,1041,0
100,1153,0
100,596,0
100,298,0
100,709,0
101,1432,0
101,691,0
101,977,0
101,801,0
101,543,0
101,1377,0
101,581,0
101,237,0
101,742,0
101,496,0
102,807,0
102,94,0
102,403,0
102,615,0
102,924,0
102,1476,0
102,835,0
102,157,0
102,872,0
102,1445,0
102,1024,0
102,385,0
102,1077,0
102,1020,0
102,1302,0
102,306,0
102,1680,0
102,1135,0
102,1567,0
102,642,0
102,1291,0
102,1465,0
102,1170,0
102,1312,0
102,1703,0
102,1721,0
102,359,0
102,11,0
102,1618,0
102,940,0
103,349,0
103,138,0
103,1496,0
103,370,0
103,745,0
103,500,0
103,656,0
103,433,1
103,262,1
103,1462,1
103,1436,1
103,1361,1
103,899,1
103,1427,1
103,50,1
103,924,2
103,1728,2
103,324,2
103,968,2
103,1095,2
103,664,2
103,860,2
104,1317,0
104,1700,0
104,1249,0
104,380,0
104,1593,0
104,1059,0
104,390,0
105,1069,0
105,1122,0
105,1471,0
105,1613,0
105,539,0
105,66,0
105,1479,0
105,299,0
105,269,0
105,1357,0
105,700,0
105,1330,0
105,1386,0
105,1015,0
105,992,0
105,56,0
105,697,0
106,1505,0
106,1548,0
106,144,0
106,706,0
106,468,0
106,1679,0
107,819,0
107,1600,0
107,608,0
107,463,0
107,868,0
107,1551,0
107,1558,0
107,167,0
107,414,0
108,311,0
108,977,0
108,1172,0
108,928,0
108,1384,0
108,599,0
109,915,0
109,230,0
109,866,0
109,86,0
109,1426,0
110,790,0
110,1559,0
110,1038,0
110,1524,0
110,269,0
110,932,0
110,202,0
110,375,0
110,700,0
110,742,0
110,678,0
110,1704,0
110,30,0
110,917,0
110,443,0
110,1508,0
110,1226,0
110,1027,0
110,1513,0
110,592,0
110,143,0
111,1056,0
111,185,0
111,154,0
111,12,0
111,1058,0
111,1676,0
111,459,0
112,751,0
112,505,0
112,1123,0
112,1290,0
112,1110,0
112,1471,0
112,7,0
112,1518,0
112,698,0
112,1161,0
112,804,0
112,75,0
112,1412,0
112,1462,0
112,1604,0
112,260,0
112,1124,0
112,1188,0
112,1306,0
112,971,0
112,353,0
112,1690,0
112,23,0
112,1400,0
112,1698,0
112,650,0
112,750,0
112,632,0
112,1090,0
112,129,0
112,1263,0
112,71,0
112,339,0
112,731,0
112,634,0
112,88,0
112,1186,0
112,530,0
112,705,0
113,1200,0
113,1419,0
113,454,0
113,65,0
113,1067,0
114,1628,0
114,533,0
114,397,0
114,1523,0
114,758,0
114,1478,0
114,932,0
114,700,0
114,1490,0
114,851,0
114,237,0
114,1220,0
114,414,0
114,1673,0
114,1605,0
114,1434,0
115,1639,0
115,377,0
115,1392,0
115,1003,0
115,342,0
116,63,0
116,994,0
116,663,0
116,1728,0
116,859,0
116,1253,0
116,1264,0
116,1032,0
116,612,0
116,951,0
116,1602,0
116,1527,0
116,600,0
116,735,0
116,1014,0
117,108,0
117,512,0
117,502,0
117,1206,0
117,1061,0
117,54,0
117,554,0
117,1073,0
117,649,0
117,1602,0
117,775,0
117,921,0
117,1665,0
117,1121,0
118,236,0
118,1039,0
118,867,0
118,875,0
118,67,0
118,1087,0
118,511,0
118,1107,0
118,930,0
118,1611,0
118,1273,0
118,837,0
118,117,0
118,294,1
118,1532,1
118,275,1
118,1526,1
118,1414,1
118,69,1
118,253,1
118,461,1
118,232,2
118,149,2
118,1299,2
118,1692,2
118,372,2
118,966,3
118,898,3
118,1215,3
118,1683,3
118,559,3
118,371,3
118,145,3
118,1352,3
118,914,3
118,997,3
118,531,3
118,1471,3
118,1333,3
118,418,3
118,855,3
118,1157,3
118,585,3
118,512,3
118,924,3
118,1728,3
118,1457,3
118,947,3
118,1651,3
118,689,3
118,686,3
118,349,3
118,938,3
118,398,3
118,788,3
118,1431,3
118,583,3
118,324,3
118,402,3
118,1253,3
118,1256,3
118,133,3
118,1462,3
118,1423,3
118,767,3
118,1631,3
118,1484,3
118,302,3
118,1440,3
118,540,3
118,41,3
118,202,3
118,1305,3
118,1178,3
118,288,3
118,350,3
118,1539,3
118,426,3
118,1609,3
118,1703,3
118,544,3
118,762,3
118,310,3
118,1400,3
118,1029,3
118,446,3
118,999,3
118,334,3
118,1711,3
118,1729,3
118,1350,3
118,920,3
118,279,3
118,1585,3
118,141,3
118,967,3
118,955,3
118,1089,3
118,1545,3
118,452,3
118,1727,4
118,72,4
118,1199,4
118,57,4
118,1349,4
118,698,4
118,561,4
118,569,4
118,1077,4
118,1161,4
118,841,4
118,1596,4
118,753,4
118,52,4
118,193,4
118,795,4
118,1334,4
118,459,4
118,563,4
118,407,4
118,1624,4
118,614,4
118,1285,4
118,274,4
118,1054,4
118,423,4
118,1451,4
118,550,4
118,500,4
118,1579,4
119,1691,0
119,882,0
119,985,0
119,195,0
119,893,0
119,1425,0
119,1476,0
119,945,0
119,1309,0
119,1071,0
119,261,0
119,188,0
119,1629,0
119,1623,0
119,1529,0
119,1421,0
119,911,0
119,1487,0
119,1675,0
119,1605,0
119,335,0
120,1243,0
120,543,0
120,832,0
120,0,0
120,379,0
120,1647,0
121,707,0
121,890,0
121,94,0
121,1552,0
121,1603,0
121,1657,0
121,670,0
121,1406,0
121,200,0
121,926,0
121,1625,0
121,55,0
121,1680,0
121,54,0
121,816,0
121,1384,0
121,1139,0
121,1291,0
121,1334,0
121,14,0
121,1461,0
121,1609,0
121,649,0
121,761,0
121,495,0
122,832,0
122,1564,0
122,1050,0
122,190,0
122,1640,0
123,1191,0
123,1337,0
123,815,0
123,327,0
123,979,0
123,141,0
123,1216,0
123,736,0
123,1238,0
123,126,0
123,853,0
123,146,0
123,1648,0
123,752,0
123,1381,0
124,1563,0
124,10,0
124,968,0
124,1496,0
124,574,0
124,823,0
124,1721,0
124,1320,0
124,228,0
124,1369,0
124,754,0
124,393,0
124,899,0
124,598,0
124,1391,0
125,483,0
125,1492,0
125,256,0
125,800,0
125,432,0
125,381,0
125,628,0
126,1592,0
126,1594,0
126,1563,0
126,583,0
126,391,0
126,516,0
126,462,0
126,423,0
127,834,0
127,1697,0
127,343,0
127,849,0
127,172,0
127,1088,0
127,1111,0
127,407,0
127,972,0
127,568,0
127,98,0
127,726,0
127,534,0
127,165,0
128,421,0
128,822,0
128,1451,0
128,1704,0
128,1715,0
129,1126,0
129,1191,0
129,849,0
129,1404,0
129,1529,0
129,421,0
129,1451,0
129,1075,0
130,1211,0
130,1564,0
130,162,0
130,190,0
130,1121,0
130,1099,0
130,939,0
130,280,0
131,1614,0
131,579,0
131,1060,0
131,170,0
131,189,0
131,991,0
132,1038,0
132,1340,0
132,696,0
132,1219,0
132,252,0
132,1393,1
132,891,1
132,1274,1
132,1280,1
132,1296,1
132,1421,1
132,1597,1
132,737,1
132,1494,1
132,1647,1
132,1520,2
132,1537,2
132,504,2
132,670,2
132,360,2
132,154,2
132,1277,2
132,1279,2
132,1327,2
132,304,2
132,1330,2
132,1220,2
132,30,2
132,1254,2
133,1463,0
133,956,0
133,1445,0
133,580,0
133,405,0
133,620,0
133,339,0
133,1247,0
133,955,0
133,95,0
133,214,0
133,547,0
133,777,0
133,1641,0
134,819,0
134,966,0
134,325,0
134,1169,0
134,1110,0
134,210,0
134,1606,0
134,1561,0
134,1242,0
134,1201,0
134,205,0
134,559,0
134,799,0
134,1200,0
134,1233,0
134,206,0
134,994,0
134,891,0
134,1471,0
134,985,0
134,284,0
134,343,0
134,142,0
134,1191,0
134,149,0
134,7,0
134,770,0
134,698,0
134,191,0
134,1243,0
134,1028,0
134,1000,0
134,788,0
134,948,0
134,802,0
134,428,0
134,1326,0
134,1493,0
134,1412,0
134,968,0
134,1158,0
134,885,0
134,251,0
134,1496,0
134,363,0
134,1026,0
134,795,0
134,794,0
134,1465,0
134,359,0
134,136,0
134,1045,0
134,156,0
134,1308,0
134,1618,0
134,630,0
134,361,0
135,1110,0
135,988,0
135,1316,0
135,309,0
135,1228,0
136,418,0
136,191,0
136,421,0
136,431,0
136,1281,0
136,162,0
136,179,0
136,95,0
136,1241,0
136,710,0
136,1142,0
136,709,0
136,323,0
136,715,0
137,1691,0
137,913,0
137,1113,0
137,467,0
137,868,0
137,250,0
138,1126,0
138,1652,0
138,2,0
138,581,0
138,1330,0
138,895,0
138,1421,0
138,43,0
138,1566,0
138,225,0
138,322,0
138,601,0
138,1420,0
138,538,0
139,1071,0
139,656,0
139,1675,0
139,356,0
139,564,0
139,1455,0
139,139,0
139,904,0
140,713,0
140,384,0
140,1441,0
140,888,0
140,919,0
140,1011,0
140,471,0
141,1126,0
141,933,0
141,150,0
141,1657,0
141,855,0
141,142,0
141,915,0
141,1466,0
141,1415,0
141,511,0
141,220,0
141,468,0
141,1670,0
141,211,0
141,780,0
141,257,0
141,1049,0
141,746,0
141,1366,0
142,94,0
142,891,0
142,1613,0
142,151,0
142,1302,0
142,359,0
142,1497,0
142,1627,0
142,1025,0
143,311,0
143,1113,0
143,1586,0
143,1493,0
143,572,0
143,823,0
143,1058,0
143,188,0
143,1034,0
143,962,0
143,209,0
143,1115,0
143,286,0
143,1032,0
143,862,0
143,1151,0
143,601,0
143,51,0
143,1066,0
143,1100,0
143,378,0
143,469,0
144,1209,0
144,536,0
144,890,0
144,663,0
144,693,0
144,931,0
144,757,0
144,1685,0
144,542,0
144,1510,0
144,1656,0
144,1637,0
144,341,0
144,260,0
144,327,0
144,1178,0
144,506,0
144,982,0
144,427,0
144,523,0
144,1415,0
144,665,0
144,408,0
144,806,0
144,470,0
144,87,0
144,630,0
144,636,0
144,129,0
144,197,0
144,672,0
144,175,0
144,270,0
144,111,0
144,616,0
144,1314,0
144,1066,0
144,373,0
144,705,0
144,1294,0
144,1257,0
144,586,0
145,1259,0
145,1201,0
145,168,0
145,580,0
145,388,0
145,1095,0
145,1400,0
145,446,0
145,451,0
145,1675,0
145,1647,0
146,978,0
146,1550,0
146,571,0
146,62,0
146,792,0
146,1578,0
147,1561,0
147,1119,0
147,151,0
147,1077,0
147,104,0
147,251,0
147,1384,0
147,962,0
147,421,0
147,558,0
148,819,0
148,790,0
148,1317,0
148,1559,0
148,1177,0
148,1515,0
148,933,0
148,481,0
148,1456,0
148,773,0
148,180,0
148,1146,0
148,725,0
148,846,0
148,1132,0
148,157,0
148,970,0
148,1730,0
148,804,0
148,1507,0
148,1005,0
148,1322,0
148,524,0
148,235,0
148,1130,0
148,1058,0
148,186,0
148,1144,0
148,1265,0
148,990,0
148,871,0
148,1316,0
148,826,0
148,927,0
148,962,0
148,1630,0
148,1147,0
148,201,0
148,58,0
148,992,0
148,1542,0
148,1152,0
148,822,0
148,496,0
148,1451,0
148,222,0
148,135,0
148,967,0
148,152,0
148,733,0
148,601,0
149,122,0
149,200,0
149,328,0
149,255,0
149,570,0
149,79,0
149,829,0
149,1203,0
149,477,0
149,507,0
149,0,0
149,113,0
149,1201,1
149,473,1
149,1566,1
149,756,1
149,1362,1
149,1443,1
150,995,0
150,861,0
150,1588,0
150,1207,0
150,73,0
150,90,0
150,1467,0
151,876,0
151,1010,0
151,977,0
151,1033,0
151,1571,0
151,1666,0
151,1386,0
152,503,0
152,1431,0
152,607,0
152,1723,0
152,745,0
152,196,0
152,940,0
152,1673,0
152,1679,0
153,1661,0
153,1660,0
153,438,0
153,1026,0
153,1307,0
153,962,0
153,1622,0
154,1091,0
154,993,0
154,327,0
154,1137,0
154,619,0
154,1675,0
155,781,0
155,185,0
155,701,0
155,615,0
155,670,0
155,1217,0
155,118,0
155,965,0
155,717,0
155,261,0
155,426,0
155,1689,0
155,1529,0
155,911,0
155,1364,0
155,940,0
155,1184,0
155,429,0
155,1220,0
155,1344,0
155,785,0
155,1533,0
155,1605,0
155,1693,0
156,6,0
156,1732,0
156,463,0
156,824,0
156,1196,0
156,1439,0
156,631,0
156,811,0
156,883,0
156,1218,0
156,245,0
156,1223,0
156,916,0
157,1584,0
157,255,0
157,1,0
157,1261,0
157,257,0
157,390,0
158,1317,0
158,1642,0
158,823,0
158,1698,0
158,1677,0
159,751,0
159,1199,0
159,516,0
159,1196,0
159,11,0
159,1019,0
159,1316,0
159,1386,0
159,1034,0
160,1082,0
160,1033,0
160,1713,0
160,1431,0
160,1563,0
160,1481,0
160,677,0
160,389,0
160,1045,0
160,511,0
160,1566,0
160,763,0
160,1032,0
160,240,0
160,616,0
161,1126,0
161,210,0
161,1720,0
161,1310,0
161,1157,0
161,623,0
161,391,0
161,116,0
161,845,0
161,524,0
161,1303,0
161,954,0
161,14,0
161,417,0
161,895,0
161,1679,0
161,1285,0
161,462,0
161,952,0
161,379,0
161,1410,0
161,1032,0
161,419,0
161,76,0
161,1151,0
161,756,0
161,811,0
161,1653,0
161,735,0
161,848,0
161,1381,0
161,283,0
162,12,0
162,1465,0
162,1529,0
162,619,0
162,0,0
163,966,0
163,667,0
163,568,0
163,673,0
163,1360,0
163,1018,0
164,977,0
164,1215,0
164,857,0
164,1162,0
164,1663,0
164,182,0
165,1199,0
165,99,0
165,23,0
165,649,0
165,485,0
165,873,0
165,1378,0
165,655,0
165,1395,0
165,1295,0
165,1401,0
166,1110,0
166,1335,0
166,1603,0
166,723,0
166,649,0
166,1041,0
166,1386,0
166,158,0
166,1246,0
166,1192,0
167,422,0
167,641,0
167,101,0
167,316,0
167,46,0
167,1029,0
168,1547,0
168,617,0
168,1200,0
168,1199,0
168,1563,0
168,804,0
168,964,0
168,346,0
168,516,0
168,1383,0
168,1676,0
168,1117,0
168,562,0
168,1674,0
168,727,0
169,1098,0
169,1514,0
169,988,0
169,147,0
169,818,0
169,81,0
169,1497,0
169,1041,0
169,549,0
169,1480,0
169,1421,0
169,239,0
169,1509,0
169,106,0
170,1511,0
170,171,0
170,495,0
170,1614,0
170,1599,0
170,992,0
170,1675,0
171,17,0
171,1515,0
171,1489,0
171,814,0
171,195,0
171,142,0
171,1057,0
171,1454,0
171,1128,0
171,1449,0
171,889,0
171,226,0
171,129,0
171,1328,0
171,1141,0
172,1552,0
172,355,0
172,391,0
172,1224,0
172,1368,0
172,409,0
172,1587,0
172,1207,0
172,1395,0
173,100,0
173,533,0
173,1282,0
173,107,0
173,490,0
173,18,0
173,186,0
173,442,0
173,1116,0
173,596,0
173,1398,0
173,258,0
173,672,0
173,159,0
174,501,0
174,700,0
174,15,0
174,917,0
174,690,0
175,228,0
175,272,0
175,297,0
175,1101,0
175,1626,0
175,1202,0
175,673,0
176,880,0
176,148,0
176,223,0
176,1127,0
176,243,0
176,1434,0
177,1520,0
177,367,0
177,1412,0
177,447,0
177,1029,0
177,828,0
178,31,0
178,1077,0
178,1078,0
178,353,0
178,558,0
179,1199,0
179,512,0
179,1161,0
179,213,0
179,241,0
179,897,0
179,1400,0
179,1374,0
179,655,0
180,1679,0
180,558,0
180,967,0
180,955,0
180,837,0
181,311,0
181,475,0
181,610,0
181,946,0
181,201,0
182,977,0
182,1613,0
182,1113,0
182,1586,0
182,1384,0
182,1723,0
182,1544,0
182,1627,0
182,1684,0
182,1249,0
183,1054,0
183,400,0
183,483,0
183,280,0
183,84,0
183,381,0
183,68,0
183,1150,0
183,174,0
183,830,0
183,392,0
183,690,0
183,1289,0
183,317,0
183,437,0
183,1185,0
183,624,0
183,1215,1
183,1639,1
183,360,1
183,1057,1
183,1211,1
183,1280,1
183,303,1
183,1506,1
183,1536,1
183,978,1
183,673,1
183,1550,1
183,295,1
183,571,1
183,537,1
183,1163,1
183,959,1
183,730,1
183,1272,1
183,128,2
183,1327,2
183,35,2
183,1339,2
183,130,2
183,584,2
183,256,2
183,1370,2
183,34,2
183,1042,2
183,605,2
183,786,2
184,1732,0
184,1235,0
184,1256,0
184,404,0
184,426,0
184,1330,0
185,1083,0
185,1652,0
185,236,0
185,1177,0
185,1290,0
185,224,0
185,799,0
185,617,0
185,351,0
185,2,0
185,206,0
185,891,0
185,1146,0
185,913,0
185,1532,0
185,482,0
185,725,0
185,191,0
185,1132,0
185,231,0
185,983,0
185,832,0
185,821,0
185,566,0
185,896,0
185,1433,0
185,680,0
185,1708,0
185,1526,0
185,842,0
185,241,0
185,1710,0
185,1680,0
185,1135,0
185,1664,0
185,144,0
185,387,0
185,974,0
185,852,0
185,694,0
185,1092,0
185,1174,0
185,188,0
185,1019,0
185,738,0
185,1424,0
185,646,0
185,1624,0
185,1079,0
185,614,0
185,458,0
185,500,0
185,431,0
185,112,0
185,1579,0
185,1049,0
185,259,0
185,1325,0
185,809,0
185,1595,0
185,103,0
185,1580,0
185,695,0
185,13,0
185,739,0
185,645,0
185,1289,0
185,3,0
185,1389,0
186,880,0
186,539,0
186,872,0
186,1586,0
186,896,0
186,1686,0
186,41,0
186,1472,0
187,208,0
187,94,0
187,684,0
187,1561,0
187,1657,0
187,1519,0
187,1371,0
187,1227,0
187,6,0
187,151,0
187,622,0
187,1171,0
187,669,0
187,953,0
187,1576,0
187,945,0
187,355,0
187,463,0
187,1555,0
187,1454,0
187,396,0
187,215,0
187,474,0
187,1309,0
187,47,0
187,1686,0
187,347,0
187,1080,0
187,382,0
187,1128,0
187,1380,0
187,1230,0
187,350,0
187,1197,0
187,1329,0
187,376,0
187,1052,0
187,541,0
187,1327,0
187,120,0
187,604,0
187,990,0
187,91,0
187,610,0
187,946,0
187,468,0
187,1673,0
187,121,0
187,1459,0
187,1693,0
188,311,0
188,1253,0
188,1367,0
188,1063,0
188,1195,0
188,1658,0
188,1244,0
188,1275,0
189,712,0
189,1366,0
189,685,0
189,1589,0
189,1311,0
189,1491,0
189,342,0
190,751,0
190,1512,0
190,1313,0
190,1010,0
190,1317,0
190,1393,0
190,799,0
190,397,0
190,1405,0
190,412,0
190,1146,0
190,276,0
190,725,0
190,835,0
190,669,0
190,832,0
190,1326,0
190,213,0
190,1656,0
190,1429,0
190,38,0
190,261,0
190,12,0
190,1043,0
190,700,0
190,1181,0
190,1447,0
190,1296,0
190,1529,0
190,1229,0
190,0,0
190,1677,0
190,1248,0
190,1566,0
190,741,0
190,238,0
190,720,0
190,1049,0
190,746,0
190,1420,0
191,531,0
191,1236,0
191,1043,0
191,196,0
191,1618,0
191,1025,0
191,160,0
191,113,0
191,601,0
192,879,0
192,1199,0
192,1657,0
192,151,0
192,658,0
192,815,0
192,1556,0
192,1341,0
192,12,0
192,857,0
192,377,0
192,310,0
192,871,0
192,1646,0
192,440,0
192,190,0
192,1560,0
192,1089,0
193,820,0
193,1213,0
193,1433,0
193,88,0
193,307,0
193,1612,0
194,17,0
194,1355,0
194,648,0
194,1532,0
194,1728,0
194,1493,0
194,572,0
194,789,0
194,1129,0
194,1627,0
195,555,0
195,717,0
195,23,0
195,91,0
195,1076,0
195,1618,0
196,210,0
196,1625,0
196,1047,0
196,949,0
196,1346,0
196,1453,0
197,509,0
197,1189,0
197,79,0
197,127,0
197,247,0
197,406,0
198,94,0
198,481,0
198,1292,0
198,1057,0
198,1198,0
198,654,0
198,391,0
198,116,0
198,971,0
198,858,0
198,28,0
198,1204,0
198,1677,0
198,1701,0
198,848,0
199,1561,0
199,1473,0
199,502,0
199,1412,0
199,1596,0
199,52,0
199,1103,0
199,80,0
199,235,0
199,1451,0
199,485,0
199,612,0
199,71,0
199,955,0
199,1381,0
199,671,0
199,380,0
199,1593,0
199,863,0
199,469,0
200,1284,0
200,1099,0
200,265,0
200,1718,0
200,42,0
201,82,0
201,228,0
201,1332,0
201,1451,0
201,71,0
201,631,0
202,256,0
202,1538,0
202,1705,0
202,1258,0
202,290,0
202,1323,0
202,602,0
202,109,0
203,311,0
203,1098,0
203,849,0
203,153,0
203,97,0
203,1077,0
203,273,0
203,1071,0
203,1,0
203,1618,0
203,515,0
203,558,0
203,266,0
203,1560,0
203,1602,0
203,238,0
203,907,0
204,1643,0
204,1716,0
204,484,0
204,808,0
204,416,0
204,1166,0
204,1385,0
204,1402,0
205,1476,0
205,1041,0
205,198,0
205,1671,0
205,354,0
205,1673,0
205,839,0
205,0,0
205,266,0
205,85,0
205,1328,0
206,799,0
206,349,0
206,1159,0
206,1267,0
206,510,0
206,667,0
207,1215,0
207,1476,0
207,835,0
207,680,0
207,28,0
207,1330,0
207,1386,0
207,1627,0
207,278,0
207,911,0
207,1655,0
207,1614,0
207,992,0
207,737,0
207,1566,0
207,1090,0
207,500,0
207,1716,0
207,106,0
207,899,0
208,96,0
208,1628,0
208,493,0
208,501,0
208,1069,0
208,94,0
208,555,0
208,772,0
208,1031,0
208,1104,0
208,893,0
208,1358,0
208,561,0
208,539,0
208,1546,0
208,1543,0
208,758,0
208,1057,0
208,1608,0
208,1340,0
208,300,0
208,1454,0
208,396,0
208,1478,0
208,513,0
208,252,0
208,375,0
208,1136,0
208,1583,0
208,525,0
208,1342,0
208,1464,0
208,747,0
208,557,0
208,969,0
209,344,0
209,1036,0
209,475,0
209,1507,0
209,825,0
209,518,0
209,817,0
209,52,0
210,557,0
210,775,0
210,1565,0
210,1293,0
210,766,0
210,1106,0
210,68,0
210,910,0
210,1084,0
210,810,0
210,290,0
210,1182,0
210,521,0
210,602,0
210,629,0
211,100,0
211,1639,0
211,12,0
211,1698,0
211,242,0
211,1347,0
212,890,0
212,1534,0
212,964,0
212,429,0
212,1533,0
213,1232,0
213,154,0
213,1180,0
213,980,0
213,261,0
214,1242,0
214,1352,0
214,256,0
214,333,0
214,1278,0
215,161,0
215,1261,0
215,221,0
215,657,0
215,629,0
216,977,0
216,684,0
216,331,0
216,203,0
216,1206,0
216,1430,0
216,650,0
216,486,0
216,578,0
216,1693,0
216,655,0
216,1105,0
217,1493,0
217,1013,0
217,1078,0
217,310,0
217,83,0
217,13,0
217,1635,0
217,248,0
217,455,0
217,624,0
218,919,0
218,1415,0
218,826,0
218,989,0
218,221,0
218,192,0
218,365,0
219,781,0
219,1512,0
219,1636,0
219,1606,0
219,559,0
219,924,0
219,992,0
220,1519,0
220,306,0
220,230,0
220,401,0
220,1097,0
221,663,0
221,1474,0
221,1731,0
221,1170,0
221,1045,0
221,239,0
221,1072,0
222,72,0
222,151,0
222,642,0
222,196,0
222,1627,0
222,706,0
222,839,0
222,614,0
222,1582,0
222,496,0
222,1054,0
222,1248,0
222,1090,0
222,458,0
222,1560,0
222,955,0
222,1190,0
222,113,0
222,639,0
222,106,0
222,1051,0
223,75,0
223,468,0
223,462,0
223,1553,0
223,62,0
223,776,0
223,290,0
224,1157,0
224,391,0
224,1451,0
224,963,0
224,1165,0
224,1262,0
224,464,0
224,1388,0
224,1324,0
224,256,0
225,909,0
225,533,0
225,504,0
225,149,0
225,60,0
225,764,0
225,1007,0
225,1048,0
225,1020,0
225,1047,0
225,1448,0
225,1176,0
225,957,0
225,1130,0
225,1298,0
225,1447,0
225,127,0
225,395,0
225,1184,0
225,414,0
225,1244,0
225,123,0
226,210,0
226,908,0
226,195,0
226,1656,0
226,1143,0
226,255,0
226,1609,0
226,1430,0
226,1673,0
226,1035,0
226,659,0
226,207,0
226,1413,0
226,728,0
226,174,0
226,1102,0
227,1584,0
227,1133,0
227,637,0
227,1223,0
227,1470,0
228,912,0
228,363,0
228,220,0
228,198,0
228,1247,0
228,420,0
229,1268,0
229,1552,0
229,1297,0
229,1417,0
229,922,0
229,1077,0
229,804,0
229,332,0
229,162,0
229,756,0
229,313,0
229,194,0
230,458,0
230,372,0
230,238,0
230,1321,0
230,870,0
230,699,0
230,356,0
231,892,0
231,1030,0
231,1018,0
231,577,0
231,263,0
231,182,0
232,501,0
232,281,0
232,1613,0
232,1519,0
232,988,0
232,1243,0
232,1399,0
232,1211,0
232,302,0
232,640,0
232,932,0
232,845,0
232,37,0
232,1009,0
232,479,0
232,1330,0
232,1386,0
232,1638,0
232,320,0
232,1698,0
232,1655,0
232,1712,0
232,917,0
232,1411,0
232,556,0
233,1581,0
233,1122,0
233,670,0
233,915,0
233,227,0
233,1205,0
233,1026,0
233,64,0
233,1646,0
233,140,0
233,661,0
233,797,0
234,1625,0
234,872,0
234,1730,0
234,67,0
234,516,0
234,649,0
234,1275,0
235,294,0
235,1697,0
235,1534,0
235,648,0
235,74,0
235,1394,0
235,1085,0
235,1728,0
235,25,0
235,476,0
235,204,0
235,384,0
235,1288,0
235,1178,0
235,524,0
235,954,0
235,1270,0
235,636,0
235,1273,0
235,1672,0
235,1108,0
235,527,0
235,1362,0
236,1652,0
236,966,0
236,597,0
236,1140,0
236,908,0
236,177,0
236,338,0
236,281,0
236,1471,0
236,1310,0
236,418,0
236,1573,0
236,855,0
236,1371,0
236,1486,0
236,929,0
236,1159,0
236,796,0
236,1708,0
236,1442,0
236,357,0
236,15,0
236,312,0
236,1504,0
236,871,0
236,1544,0
236,1485,0
236,774,0
236,793,0
236,69,0
236,737,0
236,1451,0
236,952,0
236,1021,0
236,963,0
236,878,0
236,230,0
236,254,0
236,553,0
236,40,0
236,827,0
236,780,0
236,257,0
236,1051,0
236,1267,0
236,1156,0
236,746,0
236,1530,0
236,411,0
236,163,0
236,1066,0
236,1100,0
236,1700,0
236,1593,0
236,70,0
236,683,0
236,1396,0
236,36,0
236,863,0
236,469,0
237,1563,0
237,1616,0
237,951,0
237,766,0
237,1278,0
238,1456,0
238,1201,0
238,206,0
238,154,0
238,835,0
238,743,0
238,1419,0
238,1180,0
238,554,0
238,1318,0
238,1676,0
238,1451,0
238,1263,0
238,1516,0
238,878,0
238,485,0
238,33,0
238,465,0
238,106,0
238,1002,0
238,631,0
238,1530,0
238,137,0
238,1186,0
238,811,0
239,1125,0
239,693,0
239,1132,0
239,611,0
239,1482,0
239,1717,0
239,1164,0
239,426,0
239,638,0
239,395,0
239,632,0
239,606,0
240,882,0
240,338,0
240,1029,0
240,1564,0
240,1544,0
240,1627,0
241,1232,0
241,676,0
241,531,0
241,1243,0
241,625,0
241,306,0
241,19,0
241,1386,0
241,1480,0
242,966,0
242,1501,0
242,977,0
242,881,0
242,615,0
242,57,0
242,300,0
242,41,0
242,212,0
242,166,0
242,310,0
242,656,0
243,1628,0
243,801,0
243,617,0
243,1659,0
243,914,0
243,778,0
243,504,0
243,360,0
243,1732,0
243,1546,0
243,66,0
243,1175,0
243,838,0
243,213,0
243,1488,0
243,133,0
243,885,0
243,218,0
243,1058,0
243,1144,0
243,436,0
243,377,0
243,828,0
243,1168,0
243,1490,0
243,934,0
243,744,0
243,652,0
243,578,0
243,287,0
243,1621,0
243,1285,0
243,274,0
243,844,0
243,675,0
243,1540,0
243,782,0
243,30,0
243,765,0
243,498,0
243,510,0
244,958,0
244,94,0
244,151,0
244,700,0
244,183,0
244,1590,0
244,1618,0
244,0,0
244,1351,0
245,595,0
245,834,0
245,1199,0
245,1563,0
245,1400,0
245,1459,0
245,117,0
245,1439,0
245,494,0
245,667,0
245,1228,0
245,1269,0
245,716,0
245,769,0
245,1223,0
245,1626,0
245,264,0
